Name, most_positive_x, most_positive_y, most_positive_z, most_negative_x, most_negative_y, most_negative_z
Col_Apat, -8.391999244689941, -6.728799819946289, 16.119998931884766, -14.008000373840332, -11.471200942993164, 1.8799998760223389
Col_Portal1, -4.200000286102295, -12.59999942779541, 9.100000381469727, -5.400000095367432, -13.800000190734863, 3.0
Col_Portal1.001, -0.5800001621246338, -12.59999942779541, 9.100000381469727, -1.7800002098083496, -13.800000190734863, 3.0
Col_Portal1.002, -0.5800003409385681, -12.59999942779541, 9.0, -5.480000019073486, -13.800000190734863, 7.799999713897705
Col_Portal1.003, -0.5800003409385681, -12.59999942779541, 4.199999809265137, -5.480000019073486, -13.800000190734863, 2.9999992847442627
Col_Ukulele, 18.0, -14.615169525146484, 2.4499998092651367, 15.200000762939453, -16.71516990661621, 1.7499998807907104
Col_Base, 30.0, 30.0, 0.09999996423721313, -30.0, -30.0, -1.9000000953674316
Col_Purple, -1.6999999284744263, -12.980010032653809, 7.924006938934326, -4.300000190734863, -13.420010566711426, 4.124006748199463
